2015200560G;123;Luis;Alfaro Gonzales;LAlf@gmail.com;2
2012200489F;123;Javier ;Alvarez Vargas;JAlv@gmail.com;2
2015200574A;123;Giovanna;Avila Galindo;GAvi@gmail.com;2
2015200570E;123;Antony;Castellanos Uscata;ACas@gmail.com;2
2010100583E;123;Joseph;Chancasanampa Hidalgo;JCha@gmail.com;2
2014100864G;123;Yonatan;Chilquillo Quispe;YChi@gmail.com;2
2015200556C;123;Gregorio;Curi Curilla;GCur@gmail.com;2
2015200584K;123;Issamar;Egoavil Onocc;IEgo@gmail.com;2
2015200576K;123;Billy;Enriquez Camposano;BEnr@gmail.com;2
2015200579H;123;Eduardo;Flores Nolasco;EFlo@gmail.com;2
2013100975H;123;Gustavo;Gonzales Vasquez;GGon@gmail.com;2
2015100954K;123;Eduardo;Huaranga Quispe;EHua@gmail.com;2
2014100874E;123;Viademir;Laureano Rodriguez;VLau@gmail.com;2
2013200520E;123;Adolfo;Marin Arroyo;AMar@gmail.com;2
2015200575L;123;Brandon;Mayta Javier;BMay@gmail.com;2
2015200583L;123;Miler;Mescua Chamorro;MMes@gmail.com;2
2015100960A;123;Joel;Meza Meza;JMez@gmail.com;2
2015200577J;123;Enrique;Munguia Arenales;EMun@gmail.com;2
2014100877B;123;Jose;Orejon Cuadros;JOre@gmail.com;2
